City ID,City,Lat,Lng,Max Temp,Humidity,Cloudiness,Wind Speed,Country,Date,Current Description
0,Ushuaia,-54.8,-68.3,55.69,35,24,2.82,AR,2021-11-27 16:01:19,few clouds
1,Albany,42.6001,-73.9662,27.25,59,12,15.75,US,2021-11-27 16:01:58,few clouds
2,Iqaluit,63.7506,-68.5145,20.75,88,100,8.43,CA,2021-11-27 16:02:03,light snow
3,Ribeira Grande,38.5167,-28.7,66.6,55,20,17.27,PT,2021-11-27 16:03:17,few clouds
4,Acari,-15.4311,-74.6158,74.89,66,82,8.99,PE,2021-11-27 16:03:18,broken clouds
5,Narsaq,60.9167,-46.05,37.62,99,100,8.34,GL,2021-11-27 16:03:18,light rain
6,Caravelas,-17.7125,-39.2481,86.59,51,90,6.96,BR,2021-11-27 16:03:18,heavy intensity rain
7,Tilichiki,60.4667,166.1,30.7,93,100,26.11,RU,2021-11-27 16:00:27,snow
8,Ponta Do Sol,32.6667,-17.1,65.03,66,17,6.17,PT,2021-11-27 16:03:19,few clouds
9,Vao,-22.6667,167.4833,75.38,87,100,16.17,NC,2021-11-27 15:58:55,overcast clouds
10,Silvia,2.611,-76.3785,66.7,52,65,1.59,CO,2021-11-27 16:03:19,broken clouds
11,Avarua,-21.2078,-159.775,78.85,89,75,5.75,CK,2021-11-27 16:03:19,light rain
12,Atasu,48.6814,71.6433,8.24,84,9,5.26,KZ,2021-11-27 16:03:20,clear sky
13,Mar Del Plata,-38.0023,-57.5575,66.24,69,76,13.31,AR,2021-11-27 16:03:20,broken clouds
14,Vacaria,-28.5122,-50.9339,63.64,91,100,7.74,BR,2021-11-27 16:03:21,overcast clouds
15,Bluff,-46.6,168.3333,44.87,82,58,7.0,NZ,2021-11-27 16:03:21,broken clouds
16,Isangel,-19.55,169.2667,77.11,88,75,6.91,VU,2021-11-27 16:03:21,broken clouds
17,Komsomolskiy,40.4272,71.7189,39.92,75,7,2.3,UZ,2021-11-27 16:01:17,mist
18,Port Alfred,-33.5906,26.891,69.3,90,64,26.15,ZA,2021-11-27 16:03:22,moderate rain
19,Dikson,73.5069,80.5464,-8.7,97,100,8.88,RU,2021-11-27 16:02:23,overcast clouds
20,Sungairaya,0.7,108.9,78.94,85,100,2.59,ID,2021-11-27 16:03:22,light rain
21,Coffs Harbour,-30.3,153.1333,66.16,77,75,16.11,AU,2021-11-27 16:02:30,moderate rain
22,Kindersley,51.4668,-109.1682,21.58,82,87,7.67,CA,2021-11-27 16:03:23,overcast clouds
23,Vaini,-21.2,-175.2,78.96,94,75,8.05,TO,2021-11-27 16:03:23,broken clouds
24,Punta Arenas,-53.15,-70.9167,53.71,40,75,19.57,CL,2021-11-27 16:03:23,broken clouds
25,Atuona,-9.8,-139.0333,77.63,78,11,19.6,PF,2021-11-27 16:03:24,few clouds
26,Moses Lake,47.1301,-119.2781,38.08,93,75,5.75,US,2021-11-27 16:03:24,broken clouds
27,Talnakh,69.4865,88.3972,-0.15,97,100,10.27,RU,2021-11-27 15:59:13,light snow
28,Hermanus,-34.4187,19.2345,68.16,62,98,21.47,ZA,2021-11-27 16:03:25,overcast clouds
29,Cikampek,-6.4197,107.4558,74.77,91,100,5.1,ID,2021-11-27 16:03:25,light rain
30,Castro,-24.7911,-50.0119,78.19,50,4,7.9,BR,2021-11-27 16:03:25,clear sky
31,Sitka,57.0531,-135.33,39.09,65,90,10.36,US,2021-11-27 16:03:25,overcast clouds
32,Cayenne,4.9333,-52.3333,80.64,83,75,8.05,GF,2021-11-27 16:00:06,broken clouds
33,Chokurdakh,70.6333,147.9167,-34.35,100,70,2.68,RU,2021-11-27 16:01:08,broken clouds
34,Bath,51.3779,-2.3591,40.98,66,24,23.85,GB,2021-11-27 16:03:26,few clouds
35,Kaeo,-35.1,173.7833,55.76,91,41,2.19,NZ,2021-11-27 16:03:26,scattered clouds
36,Nikolskoye,59.7035,30.7861,26.49,72,100,12.17,RU,2021-11-27 16:03:27,overcast clouds
37,Adrar,20.5022,-10.0711,83.17,24,84,11.86,MR,2021-11-27 16:00:43,broken clouds
38,Lasa,46.6166,10.7002,36.34,98,85,3.42,IT,2021-11-27 15:59:00,overcast clouds
39,Rikitea,-23.1203,-134.9692,76.26,75,2,16.55,PF,2021-11-27 16:03:27,light rain
40,Souillac,-20.5167,57.5167,79.18,69,20,8.05,MU,2021-11-27 15:59:18,few clouds
41,Nemuro,43.3236,145.575,38.52,65,61,21.74,JP,2021-11-27 16:03:28,broken clouds
42,Nanortalik,60.1432,-45.2371,44.78,89,99,13.85,GL,2021-11-27 15:59:17,overcast clouds
43,Sungai Besar,3.6746,100.9867,77.45,88,100,2.24,MY,2021-11-27 16:03:28,overcast clouds
44,Dungarpur,23.8333,73.7167,74.7,31,0,3.8,IN,2021-11-27 16:03:28,clear sky
45,Kudahuvadhoo,2.6708,72.8944,82.04,71,100,17.2,MV,2021-11-27 16:03:29,overcast clouds
46,Barrow,71.2906,-156.7887,-15.72,100,89,8.28,US,2021-11-27 16:00:02,overcast clouds
47,Qaanaaq,77.484,-69.3632,1.36,96,100,2.77,GL,2021-11-27 16:04:29,overcast clouds
48,Kawalu,-7.3817,108.2082,73.22,93,100,4.18,ID,2021-11-27 16:04:29,moderate rain
49,Krasnoselkup,65.7,82.4667,0.54,95,100,9.46,RU,2021-11-27 16:04:30,overcast clouds
50,Petropavlovka,50.6114,105.3196,13.12,84,100,1.95,RU,2021-11-27 16:04:30,overcast clouds
51,Butaritari,3.0707,172.7902,81.52,77,99,19.08,KI,2021-11-27 16:04:30,light rain
52,Contai,21.7786,87.7536,69.62,44,92,6.33,IN,2021-11-27 16:04:31,overcast clouds
53,Gizo,-8.103,156.8419,81.95,75,97,3.6,SB,2021-11-27 16:04:31,light rain
54,Cherskiy,68.75,161.3,-27.54,93,8,4.05,RU,2021-11-27 16:04:31,clear sky
55,Olafsvik,64.8945,-23.7142,39.52,93,100,5.84,IS,2021-11-27 16:00:30,overcast clouds
56,Parys,48.8534,2.3488,39.78,93,90,8.05,FR,2021-11-27 16:03:25,overcast clouds
57,Bengkulu,-3.8004,102.2655,76.59,88,100,3.09,ID,2021-11-27 16:04:32,overcast clouds
58,Myaundzha,63.0494,147.1858,-32.82,98,37,1.43,RU,2021-11-27 16:04:32,scattered clouds
59,Torbay,47.6666,-52.7314,48.07,88,100,20.07,CA,2021-11-27 16:04:32,overcast clouds
60,Hofn,64.2539,-15.2082,35.31,44,100,6.35,IS,2021-11-27 16:04:33,overcast clouds
61,Mahibadhoo,3.7833,72.9667,80.29,81,100,15.61,MV,2021-11-27 16:02:01,overcast clouds
62,Martapura,-3.4167,114.85,77.09,100,90,3.44,ID,2021-11-27 16:04:33,light rain
63,Arraial Do Cabo,-22.9661,-42.0278,87.66,51,20,17.27,BR,2021-11-27 16:04:33,few clouds
64,Daru,-9.0763,143.2092,79.93,84,100,5.53,PG,2021-11-27 16:04:34,overcast clouds
65,Nome,64.5011,-165.4064,-18.33,69,1,0.0,US,2021-11-27 16:04:34,clear sky
66,Hobart,-42.8794,147.3294,46.26,87,0,3.44,AU,2021-11-27 16:04:34,clear sky
67,Kieta,-6.2167,155.6333,79.02,85,100,1.63,PG,2021-11-27 16:04:35,moderate rain
68,Moranbah,-22.0016,148.0466,75.65,73,0,4.7,AU,2021-11-27 16:04:35,clear sky
69,Lazaro Cardenas,17.9583,-102.2,80.83,66,8,2.77,MX,2021-11-27 16:04:35,clear sky
70,Severo-Kurilsk,50.6789,156.125,29.12,73,97,23.17,RU,2021-11-27 16:04:36,overcast clouds
71,Busselton,-33.65,115.3333,65.43,65,0,6.67,AU,2021-11-27 16:04:36,clear sky
72,Port Elizabeth,-33.918,25.5701,68.27,75,43,9.78,ZA,2021-11-27 16:03:17,scattered clouds
73,Kitimat,54.0524,-128.6534,32.38,97,100,3.56,CA,2021-11-27 16:04:36,snow
74,Jamestown,42.097,-79.2353,29.84,69,90,11.5,US,2021-11-27 16:01:46,overcast clouds
75,Yellowknife,62.456,-114.3525,-4.29,94,37,9.31,CA,2021-11-27 16:04:19,scattered clouds
76,Jiaohe,43.7286,127.3447,14.59,95,16,0.83,CN,2021-11-27 16:04:37,few clouds
77,Hervey Bay,-25.2986,152.8535,73.51,90,35,10.65,AU,2021-11-27 16:04:37,scattered clouds
78,Yaan,7.3833,8.5667,95.47,22,47,4.85,NG,2021-11-27 16:04:38,scattered clouds
79,Canon City,38.441,-105.2424,50.92,49,1,0.0,US,2021-11-27 16:04:38,clear sky
80,Kavieng,-2.5744,150.7967,82.26,72,74,2.33,PG,2021-11-27 16:04:38,broken clouds
81,Bac Lieu,9.285,105.7244,73.2,91,100,9.95,VN,2021-11-27 16:04:39,light rain
82,Hithadhoo,-0.6,73.0833,82.78,69,97,18.28,MV,2021-11-27 16:01:15,overcast clouds
83,Kondinskoye,59.6481,67.41,29.16,86,98,15.21,RU,2021-11-27 16:02:04,overcast clouds
84,Ombessa,4.603,11.2565,84.15,57,100,3.71,CM,2021-11-27 16:04:39,overcast clouds
85,Paita,-5.0892,-81.1144,73.96,70,31,8.86,PE,2021-11-27 16:04:39,scattered clouds
86,Sorong,-0.8833,131.25,80.67,81,100,4.81,ID,2021-11-27 16:04:40,light rain
87,Mataura,-46.1927,168.8643,37.47,99,86,1.77,NZ,2021-11-27 16:04:40,overcast clouds
88,Itaituba,-4.2761,-55.9836,90.3,55,100,4.29,BR,2021-11-27 16:04:40,light rain
89,Bandarbeyla,9.4942,50.8122,79.77,84,84,17.29,SO,2021-11-27 16:04:41,broken clouds
90,Puerto Ayora,-0.7393,-90.3518,75.16,75,90,10.69,EC,2021-11-27 16:04:41,overcast clouds
91,Lagoa,39.05,-27.9833,60.46,64,53,9.64,PT,2021-11-27 16:00:46,broken clouds
92,Cidreira,-30.1811,-50.2056,73.09,81,52,13.04,BR,2021-11-27 16:04:41,broken clouds
93,Amalfi,6.9102,-75.0776,73.83,60,78,3.53,CO,2021-11-27 16:04:42,broken clouds
94,Pacific Grove,36.6177,-121.9166,51.91,50,1,0.0,US,2021-11-27 16:05:42,clear sky
95,Thompson,55.7435,-97.8558,24.22,94,100,9.55,CA,2021-11-27 16:05:42,light snow
96,Waddan,29.1614,16.139,79.99,23,69,9.86,LY,2021-11-27 16:05:43,broken clouds
97,Santa Lucia,27.9117,-15.5407,58.32,68,40,20.71,ES,2021-11-27 16:05:43,scattered clouds
98,Marsh Harbour,26.5412,-77.0636,73.44,70,13,12.17,BS,2021-11-27 16:05:29,few clouds
99,Shenjiamen,29.9576,122.298,60.96,62,87,13.04,CN,2021-11-27 16:05:19,overcast clouds
100,Port Blair,11.6667,92.75,81.07,80,12,10.16,IN,2021-11-27 16:05:44,few clouds
101,West Wendover,40.7391,-114.0733,25.81,68,1,0.0,US,2021-11-27 16:05:44,clear sky
102,Bubaque,11.2833,-15.8333,83.66,60,6,8.39,GW,2021-11-27 16:05:44,clear sky
103,Lebu,-37.6167,-73.65,58.19,67,1,15.64,CL,2021-11-27 16:05:45,clear sky
104,Majene,-3.5403,118.9707,79.47,85,100,3.8,ID,2021-11-27 16:05:45,overcast clouds
105,Faya,18.3851,42.4509,63.12,58,49,4.21,SA,2021-11-27 16:03:49,scattered clouds
106,Lac Du Bonnet,50.2536,-96.0612,26.62,94,96,6.31,CA,2021-11-27 16:05:45,overcast clouds
107,Inhambane,-23.865,35.3833,71.71,56,3,10.42,MZ,2021-11-27 16:05:46,clear sky
108,Kahului,20.8947,-156.47,65.46,72,20,5.75,US,2021-11-27 16:04:35,few clouds
109,Fortuna,40.5982,-124.1573,48.54,100,1,8.05,US,2021-11-27 16:05:46,clear sky
110,Hamilton,39.1834,-84.5333,42.21,49,75,10.36,US,2021-11-27 16:03:47,broken clouds
111,Cape Town,-33.9258,18.4232,68.41,77,75,24.16,ZA,2021-11-27 16:05:46,light intensity shower rain
112,Salalah,17.0151,54.0924,80.69,74,0,2.3,OM,2021-11-27 16:05:47,clear sky
113,Avera,33.194,-82.5271,51.31,33,1,3.85,US,2021-11-27 16:05:47,clear sky
114,Matay,28.419,30.7792,73.83,23,1,5.75,EG,2021-11-27 16:05:47,clear sky
115,Kapaa,22.0752,-159.319,67.98,69,11,7.54,US,2021-11-27 16:02:12,few clouds
116,Geraldton,-28.7667,114.6,64.81,72,0,3.44,AU,2021-11-27 16:05:48,clear sky
117,Tuktoyaktuk,69.4541,-133.0374,-6.12,96,100,16.31,CA,2021-11-27 16:05:48,light snow
118,Urambo,-5.0667,32.05,77.52,54,97,5.46,TZ,2021-11-27 16:05:49,overcast clouds
119,Esperance,-33.8667,121.9,61.65,66,0,15.46,AU,2021-11-27 16:05:49,clear sky
120,Beringovskiy,63.05,179.3167,3.78,95,100,10.31,RU,2021-11-27 16:05:49,overcast clouds
121,Khatanga,71.9667,102.5,-3.28,94,100,16.71,RU,2021-11-27 16:05:50,overcast clouds
122,Mecca,21.4267,39.8261,81.39,58,0,7.31,SA,2021-11-27 16:05:50,clear sky
123,Kaitangata,-46.2817,169.8464,42.96,93,80,5.17,NZ,2021-11-27 16:04:15,broken clouds
124,Upernavik,72.7868,-56.1549,13.53,90,100,3.11,GL,2021-11-27 16:05:50,overcast clouds
125,Carnarvon,-24.8667,113.6333,78.87,47,0,17.27,AU,2021-11-27 16:03:41,clear sky
126,Portales,34.1862,-103.3344,41.99,34,100,7.2,US,2021-11-27 16:05:51,overcast clouds
127,Aldergrove,49.058,-122.4709,47.37,90,100,2.93,CA,2021-11-27 16:05:51,light rain
128,Tiksi,71.6872,128.8694,-9.49,99,90,6.8,RU,2021-11-27 16:05:52,overcast clouds
129,Saint George,37.1041,-113.5841,43.27,35,1,0.0,US,2021-11-27 16:05:52,clear sky
130,Portland,45.5234,-122.6762,52.39,87,90,6.91,US,2021-11-27 16:03:03,overcast clouds
131,Vanimo,-2.6741,141.3028,77.83,89,100,4.23,PG,2021-11-27 16:05:53,overcast clouds
132,Mae Ramat,16.984,98.5166,70.25,95,46,2.71,TH,2021-11-27 16:05:53,scattered clouds
133,Oksfjord,70.2396,22.3479,23.92,74,59,9.64,NO,2021-11-27 16:05:53,broken clouds
134,Coquimbo,-29.9533,-71.3436,64.13,72,75,11.5,CL,2021-11-27 16:05:54,broken clouds
135,Mandera,3.9366,41.867,80.04,65,100,3.96,KE,2021-11-27 16:05:54,overcast clouds
136,Acapulco,16.8634,-99.8901,81.81,68,64,1.77,MX,2021-11-27 16:02:01,broken clouds
137,Makakilo City,21.3469,-158.0858,71.92,82,40,3.44,US,2021-11-27 16:06:55,scattered clouds
138,Anadyr,64.75,177.4833,-13.52,86,100,3.38,RU,2021-11-27 16:06:55,overcast clouds
139,Champerico,14.3,-91.9167,88.34,63,8,0.74,GT,2021-11-27 16:06:55,clear sky
140,Port Hardy,50.6996,-127.4199,42.8,94,100,27.2,CA,2021-11-27 16:03:09,moderate rain
141,Bingol,38.8847,40.4939,45.55,79,100,1.14,TR,2021-11-27 16:06:56,overcast clouds
142,Muskegon,43.3,-86.1334,30.22,80,90,13.8,US,2021-11-27 16:04:13,light snow
143,Duki,30.1541,68.5728,56.71,20,0,4.25,PK,2021-11-27 16:06:56,clear sky
144,Codajas,-3.8367,-62.0569,83.89,80,87,0.85,BR,2021-11-27 16:06:56,overcast clouds
145,Sao Filipe,14.8961,-24.4956,79.45,71,40,10.74,CV,2021-11-27 16:06:42,scattered clouds
146,Chara,56.9064,118.2631,-7.38,77,5,2.93,RU,2021-11-27 16:06:57,clear sky
147,Yarega,63.4354,53.5765,17.01,90,99,8.79,RU,2021-11-27 16:06:57,overcast clouds
148,Santa Rosa,14.3122,121.1114,79.25,82,84,10.36,PH,2021-11-27 16:06:57,broken clouds
149,Oktyabrskiy,54.4815,53.471,16.16,88,39,6.89,RU,2021-11-27 16:06:58,scattered clouds
150,Brae,60.3964,-1.353,35.51,56,95,20.92,GB,2021-11-27 16:06:58,overcast clouds
151,Tazovskiy,67.4667,78.7,-11.99,97,100,6.67,RU,2021-11-27 16:03:22,overcast clouds
152,Parnamirim,-5.9156,-35.2628,88.14,48,32,11.86,BR,2021-11-27 16:06:58,scattered clouds
153,Bandraboua,-12.7044,45.1223,80.28,74,98,2.64,YT,2021-11-27 16:06:59,light rain
154,Lavrentiya,65.5833,-171.0,-10.57,91,4,8.37,RU,2021-11-27 16:06:59,clear sky
155,Airai,-8.9266,125.4092,62.37,94,94,0.81,TL,2021-11-27 16:06:59,overcast clouds
156,Bredasdorp,-34.5322,20.0403,72.45,49,62,11.74,ZA,2021-11-27 16:06:36,broken clouds
157,Cienfuegos,22.1461,-80.4356,80.74,65,40,5.75,CU,2021-11-27 16:07:00,scattered clouds
158,Mount Isa,-20.7333,139.5,76.77,31,0,11.5,AU,2021-11-27 16:07:00,clear sky
159,Nioki,-2.7167,17.6833,83.08,63,41,0.85,CD,2021-11-27 16:07:01,scattered clouds
160,Merauke,-8.4667,140.3333,81.54,75,100,5.84,ID,2021-11-27 16:07:01,overcast clouds
161,Dingle,10.9995,122.6711,76.24,94,64,7.27,PH,2021-11-27 16:03:39,broken clouds
162,Alcudia,39.8532,3.1214,55.35,68,85,16.84,ES,2021-11-27 16:07:01,light rain
163,Ugoofaaru,5.6667,73.0,80.89,77,100,8.1,MV,2021-11-27 16:07:02,overcast clouds
164,Pevek,69.7008,170.3133,-19.19,91,9,4.99,RU,2021-11-27 16:07:02,clear sky
165,Vaitape,-16.5167,-151.75,80.98,73,19,15.61,PF,2021-11-27 16:07:02,few clouds
166,Clyde River,70.4692,-68.5914,-7.87,98,9,4.07,CA,2021-11-27 16:07:03,clear sky
167,Puerto Escondido,15.85,-97.0667,83.95,41,8,2.33,MX,2021-11-27 16:07:03,clear sky
168,Lethem,3.3803,-59.7968,92.32,47,19,8.99,GY,2021-11-27 16:07:03,few clouds
169,Port Lincoln,-34.7333,135.8667,56.23,83,49,12.03,AU,2021-11-27 16:07:04,scattered clouds
170,Santa Isabel,-23.3156,-46.2214,83.91,37,0,11.59,BR,2021-11-27 16:03:43,clear sky
171,Muroto,33.2833,134.15,50.36,53,1,12.06,JP,2021-11-27 16:07:04,clear sky
172,Narasannapeta,18.4167,84.05,74.71,80,61,7.96,IN,2021-11-27 16:07:04,broken clouds
173,Najran,17.4924,44.1277,71.35,36,0,7.94,SA,2021-11-27 16:07:05,clear sky
174,Bilma,18.6853,12.9164,86.4,12,2,10.0,NE,2021-11-27 16:07:05,clear sky
175,Lichinga,-13.3128,35.2406,67.68,64,99,5.21,MZ,2021-11-27 16:07:05,overcast clouds
176,East London,-33.0153,27.9116,67.68,92,80,27.92,ZA,2021-11-27 16:07:06,moderate rain
177,Galateni,44.2167,25.35,51.62,67,42,5.14,RO,2021-11-27 16:07:06,scattered clouds
178,Durres,41.3231,19.4414,59.18,70,75,22.15,AL,2021-11-27 16:07:06,broken clouds
179,Galle,6.0367,80.217,77.65,90,100,10.47,LK,2021-11-27 16:07:07,overcast clouds
180,Constitucion,-35.3333,-72.4167,63.45,58,0,16.67,CL,2021-11-27 16:07:07,clear sky
181,Saint-Philippe,-21.3585,55.7679,78.35,83,80,4.45,RE,2021-11-27 16:06:34,light rain
182,Katsuura,35.1333,140.3,46.51,55,50,9.48,JP,2021-11-27 16:07:08,scattered clouds
183,Samana,19.2056,-69.3369,82.62,78,40,0.0,DO,2021-11-27 16:08:08,scattered clouds
184,Sao Gabriel Da Cachoeira,-0.1303,-67.0892,78.53,90,100,2.82,BR,2021-11-27 16:08:09,overcast clouds
185,Malmo,55.6059,13.0007,37.72,93,100,12.26,SE,2021-11-27 16:08:09,overcast clouds
186,Victoria,22.2855,114.1577,69.85,70,8,15.46,HK,2021-11-27 16:08:05,clear sky
187,Antalya,36.7741,30.7178,66.79,100,75,13.8,TR,2021-11-27 16:08:09,thunderstorm with rain
188,Vila Do Maio,15.1333,-23.2167,77.43,76,7,19.28,CV,2021-11-27 16:08:10,clear sky
189,Narrabri,-30.3167,149.7833,61.86,82,45,12.41,AU,2021-11-27 16:08:10,scattered clouds
190,Urengoy,65.9667,78.3667,2.64,96,100,8.95,RU,2021-11-27 16:08:10,overcast clouds
191,Effingham,32.3669,-81.3332,55.58,34,2,3.15,US,2021-11-27 16:08:11,clear sky
192,Berlevag,70.8578,29.0864,17.55,53,56,18.41,NO,2021-11-27 16:08:11,broken clouds
193,Ginda,30.6945,78.4932,45.18,48,0,5.08,IN,2021-11-27 16:08:11,clear sky
194,Mancio Lima,-7.6142,-72.8958,93.96,40,21,4.59,BR,2021-11-27 16:08:12,few clouds
195,Nantucket,41.2835,-70.0995,44.71,49,1,20.71,US,2021-11-27 16:04:57,clear sky
196,Guerrero Negro,27.9769,-114.0611,66.78,53,0,7.99,MX,2021-11-27 16:05:55,clear sky
197,Aguai,-22.0594,-46.9786,84.24,49,36,11.05,BR,2021-11-27 16:08:12,scattered clouds
198,New Norfolk,-42.7826,147.0587,45.9,96,0,3.15,AU,2021-11-27 16:08:13,clear sky
199,Nuevo Progreso,23.1667,-97.95,69.33,70,33,3.0,MX,2021-11-27 16:08:13,scattered clouds
200,Saskylakh,71.9167,114.0833,-2.24,91,100,11.34,RU,2021-11-27 16:08:13,overcast clouds
201,Ambon,-3.6954,128.1814,81.27,78,100,4.94,ID,2021-11-27 16:08:14,overcast clouds
202,Saucillo,28.0167,-105.2833,55.47,67,3,4.43,MX,2021-11-27 16:08:14,clear sky
203,Algeciras,36.1333,-5.4505,58.77,67,20,20.71,ES,2021-11-27 16:08:14,few clouds
204,Nowa Sol,51.8033,15.717,33.67,72,89,4.56,PL,2021-11-27 16:08:15,overcast clouds
205,Sangar,63.9242,127.4739,-14.44,99,99,3.85,RU,2021-11-27 16:08:15,overcast clouds
206,Kurumkan,54.3,110.3,4.14,89,30,4.61,RU,2021-11-27 16:08:15,scattered clouds
207,Singaraja,-8.112,115.0882,80.1,82,100,4.38,ID,2021-11-27 16:08:16,overcast clouds
208,Coari,-4.085,-63.1414,86.54,64,95,3.53,BR,2021-11-27 16:08:16,overcast clouds
209,Yar-Sale,66.8333,70.8333,6.84,96,100,5.59,RU,2021-11-27 16:06:44,light snow
210,Kavaratti,10.5669,72.642,82.63,75,100,2.75,IN,2021-11-27 16:08:16,overcast clouds
211,Tasiilaq,65.6145,-37.6368,28.56,74,100,4.38,GL,2021-11-27 16:08:17,overcast clouds
212,Bambous Virieux,-20.3428,57.7575,78.19,70,20,8.34,MU,2021-11-27 16:03:40,few clouds
213,Kirsanov,52.6549,42.7224,33.19,80,100,20.29,RU,2021-11-27 16:08:17,overcast clouds
214,Roma,43.2128,-75.4557,33.66,64,40,17.27,US,2021-11-27 16:08:18,scattered clouds
215,Mlimba,-8.8,35.8167,77.29,76,86,3.87,TZ,2021-11-27 16:08:18,light rain
216,Challapata,-18.9,-66.7667,64.74,24,93,11.12,BO,2021-11-27 16:08:18,overcast clouds
217,Cabadiangan,9.7531,122.4739,78.17,86,61,6.67,PH,2021-11-27 16:08:18,broken clouds
218,Hohhot,40.8106,111.6522,34.75,42,93,3.33,CN,2021-11-27 16:08:19,overcast clouds
219,Sigli,5.3848,95.9609,78.89,83,100,2.8,ID,2021-11-27 16:08:19,overcast clouds
220,Bukama,-9.2,25.85,77.94,77,42,1.81,CD,2021-11-27 16:08:19,scattered clouds
221,Kodiak,57.79,-152.4072,6.31,72,20,5.75,US,2021-11-27 16:08:19,few clouds
222,Fengzhen,40.4394,113.1536,30.61,60,100,1.88,CN,2021-11-27 16:08:20,overcast clouds
223,Antibes,43.5624,7.1278,53.08,56,0,14.97,FR,2021-11-27 16:08:20,clear sky
224,Alyangula,-13.8483,136.4192,81.79,65,49,3.78,AU,2021-11-27 16:06:39,scattered clouds
225,Presidencia Roque Saenz Pena,-26.7852,-60.4388,95.41,19,3,8.48,AR,2021-11-27 16:08:21,clear sky
226,Hobyo,5.3505,48.5268,80.94,77,25,11.14,SO,2021-11-27 16:03:24,scattered clouds
227,Jalu,29.0331,21.5482,75.43,32,45,4.38,LY,2021-11-27 16:08:21,scattered clouds
228,Chuy,-33.6971,-53.4616,72.27,71,99,10.69,UY,2021-11-27 16:09:21,overcast clouds
229,Hilo,19.7297,-155.09,65.93,68,90,6.91,US,2021-11-27 16:07:32,overcast clouds
230,Korla,41.7597,86.1469,30.52,82,100,8.99,CN,2021-11-27 16:09:22,overcast clouds
231,Cap Malheureux,-19.9842,57.6142,78.44,71,7,8.34,MU,2021-11-27 16:09:22,clear sky
232,Lawrenceburg,38.0373,-84.8966,41.16,48,20,12.66,US,2021-11-27 16:09:23,few clouds
233,Rocha,-34.4833,-54.3333,79.52,49,18,13.44,UY,2021-11-27 16:08:49,few clouds
234,Shache,38.4167,77.2406,36.84,35,100,7.02,CN,2021-11-27 16:04:41,overcast clouds
235,Altay,47.8667,88.1167,4.33,62,3,6.91,CN,2021-11-27 16:09:23,clear sky
236,Nabire,-3.3667,135.4833,75.7,92,100,3.6,ID,2021-11-27 16:09:24,overcast clouds
237,Half Moon Bay,37.4636,-122.4286,51.58,85,1,0.0,US,2021-11-27 16:08:54,clear sky
238,Kayerkan,69.3497,87.7602,-0.51,93,100,10.0,RU,2021-11-27 16:09:24,overcast clouds
239,Makokou,0.5738,12.8642,76.96,88,59,0.81,GA,2021-11-27 16:09:25,moderate rain
240,Totness,5.8833,-56.3167,86.18,64,79,9.13,SR,2021-11-27 16:09:25,broken clouds
241,Eufaula,31.8913,-85.1455,55.83,26,59,3.71,US,2021-11-27 16:05:24,broken clouds
242,Tabas,33.5959,56.9244,62.82,32,82,6.04,IR,2021-11-27 16:09:26,broken clouds
243,Ulaangom,49.9811,92.0667,10.26,69,29,5.1,MN,2021-11-27 16:09:26,scattered clouds
244,Bethel,41.3712,-73.414,39.29,45,75,16.11,US,2021-11-27 16:09:27,broken clouds
245,Kalabo,-14.97,22.6814,78.03,58,86,1.83,ZM,2021-11-27 16:09:27,light rain
246,Georgetown,5.4112,100.3354,78.73,94,20,0.0,MY,2021-11-27 16:06:46,few clouds
247,Petropavlovsk-Kamchatskiy,53.0452,158.6483,20.93,91,100,6.17,RU,2021-11-27 16:09:28,light snow
248,Paka,4.6374,103.4368,78.19,87,99,5.91,MY,2021-11-27 16:09:28,overcast clouds
249,Jablanica,43.6603,17.7617,53.67,99,100,6.2,BA,2021-11-27 16:09:28,overcast clouds
250,Xiuyan,40.2928,123.2744,30.34,76,0,2.17,CN,2021-11-27 16:09:29,clear sky
251,Karasuk,53.7377,78.0403,20.28,89,98,18.81,RU,2021-11-27 16:09:29,overcast clouds
252,Cabo San Lucas,22.8909,-109.9124,73.35,76,100,6.64,MX,2021-11-27 16:06:51,overcast clouds
253,Bahia De Caraquez,-0.6,-80.4167,77.18,77,98,4.56,EC,2021-11-27 16:09:30,overcast clouds
254,Badin,24.656,68.8384,76.77,42,64,7.25,PK,2021-11-27 16:09:30,broken clouds
255,Moron,-34.6534,-58.6198,78.69,31,7,9.24,AR,2021-11-27 16:06:37,clear sky
256,Pangody,65.85,74.4859,5.27,96,100,8.61,RU,2021-11-27 16:09:31,light snow
257,Porto Empedocle,37.2934,13.5264,57.7,72,30,13.76,IT,2021-11-27 16:09:31,scattered clouds
258,Luau,-10.7073,22.2247,70.56,88,51,5.66,AO,2021-11-27 16:09:31,moderate rain
259,Ahuimanu,21.4447,-157.8378,73.11,80,90,10.36,US,2021-11-27 16:09:32,overcast clouds
260,Trairi,-3.2778,-39.2689,89.28,54,42,13.06,BR,2021-11-27 16:07:29,scattered clouds
261,Vila,42.0304,-8.1588,38.28,69,71,11.03,PT,2021-11-27 16:09:32,broken clouds
262,Dwarka,22.2394,68.9678,77.94,60,4,7.94,IN,2021-11-27 16:09:33,clear sky
263,Plettenberg Bay,-34.0527,23.3716,63.68,79,80,4.88,ZA,2021-11-27 16:09:33,light rain
264,Buraydah,26.326,43.975,67.06,29,63,9.8,SA,2021-11-27 16:09:33,broken clouds
265,Ayan,56.45,138.1667,25.5,61,100,17.09,RU,2021-11-27 16:06:37,overcast clouds
266,Longyearbyen,78.2186,15.6401,12.04,62,20,24.16,SJ,2021-11-27 16:09:34,few clouds
267,Quesnel,52.9999,-122.5029,36.34,77,100,11.21,CA,2021-11-27 16:09:34,overcast clouds
268,Erenhot,43.6475,111.9767,32.45,66,31,14.76,CN,2021-11-27 16:09:35,scattered clouds
269,Hermiston,45.8404,-119.2895,46.42,100,1,0.0,US,2021-11-27 16:09:35,clear sky
270,Hit,33.6416,42.8251,67.21,37,66,8.21,IQ,2021-11-27 16:10:35,broken clouds
271,Antofagasta,-23.65,-70.4,65.48,66,38,11.25,CL,2021-11-27 16:10:36,scattered clouds
272,Hasaki,35.7333,140.8333,41.4,49,8,16.28,JP,2021-11-27 16:10:36,clear sky
273,Carutapera,-1.195,-46.02,87.46,59,11,8.7,BR,2021-11-27 16:10:37,few clouds
274,Nishihara,26.1842,127.7558,70.88,53,75,17.27,JP,2021-11-27 16:10:37,broken clouds
275,Gamboula,4.1178,15.1393,81.66,51,81,3.15,CF,2021-11-27 16:10:37,broken clouds
276,Bam,29.106,58.357,62.37,33,4,1.28,IR,2021-11-27 16:10:38,clear sky
277,Provideniya,64.3833,-173.3,-5.19,84,4,5.46,RU,2021-11-27 16:10:38,clear sky
278,Waterloo,43.4668,-80.5164,28.69,64,25,6.8,CA,2021-11-27 16:06:25,scattered clouds
279,Verkhnevilyuysk,63.4453,120.3167,4.66,90,100,11.39,RU,2021-11-27 16:10:39,overcast clouds
280,Norman Wells,65.282,-126.8329,-13.61,95,99,7.02,CA,2021-11-27 16:10:39,overcast clouds
281,Vila Velha,-20.3297,-40.2925,76.95,78,90,8.05,BR,2021-11-27 16:07:02,light rain
282,Dhidhdhoo,6.8833,73.1,79.95,79,100,8.34,MV,2021-11-27 16:07:58,overcast clouds
283,Nefteyugansk,61.0998,72.6035,30.45,95,97,15.64,RU,2021-11-27 16:10:40,overcast clouds
284,Tabou,4.423,-7.3528,83.37,69,28,8.25,CI,2021-11-27 16:10:40,scattered clouds
285,Marinette,45.1,-87.6307,32.45,100,90,0.0,US,2021-11-27 16:10:41,light snow
286,Aborlan,9.4352,118.5492,78.85,87,97,4.14,PH,2021-11-27 16:10:41,overcast clouds
287,Jaisalmer,26.9147,70.9181,76.41,18,0,7.7,IN,2021-11-27 16:10:41,clear sky
288,Sao Joao Da Barra,-21.6403,-41.0511,78.89,76,99,13.02,BR,2021-11-27 16:10:42,overcast clouds
289,Quelimane,-17.8786,36.8883,73.31,68,43,5.73,MZ,2021-11-27 16:10:42,scattered clouds
290,Prado,-17.3411,-39.2208,82.31,61,88,9.82,BR,2021-11-27 16:10:42,heavy intensity rain
291,Togur,58.3631,82.8265,18.75,94,100,12.01,RU,2021-11-27 16:10:43,snow
292,Isabela,6.7085,121.9711,79.12,86,100,1.12,PH,2021-11-27 16:10:43,moderate rain
293,Rincon,32.296,-81.2354,55.58,40,20,3.44,US,2021-11-27 16:10:44,few clouds
294,Bokoro,12.3807,17.0568,90.5,10,0,8.77,TD,2021-11-27 16:10:44,clear sky
295,Flinders,-34.5833,150.8552,59.09,85,99,12.35,AU,2021-11-27 16:05:49,overcast clouds
296,Paamiut,61.994,-49.6678,36.07,98,100,8.7,GL,2021-11-27 16:10:45,moderate rain
297,Omboue,-1.5746,9.2618,80.53,80,78,9.91,GA,2021-11-27 16:10:45,light rain
298,Arrecife,28.963,-13.5477,69.87,60,40,23.02,ES,2021-11-27 16:10:45,scattered clouds
299,Alice Springs,-23.7,133.8833,62.15,51,0,5.75,AU,2021-11-27 16:10:46,clear sky
300,Srednekolymsk,67.45,153.6833,-37.95,100,22,0.16,RU,2021-11-27 16:10:46,few clouds
301,Saint-Joseph,-21.3667,55.6167,77.36,84,86,2.91,RE,2021-11-27 16:10:46,light rain
302,Bay-Khaak,51.1667,94.5,-4.56,77,30,3.74,RU,2021-11-27 16:10:47,scattered clouds
303,Buala,-8.145,159.5921,79.47,81,98,1.34,SB,2021-11-27 16:10:47,light rain
304,Dakar,14.6937,-17.4441,79.54,68,23,20.04,SN,2021-11-27 16:07:13,few clouds
305,Marsa Matruh,31.3525,27.2453,73.36,42,36,9.93,EG,2021-11-27 16:10:48,scattered clouds
306,Kruisfontein,-34.0033,24.7314,65.12,68,42,7.4,ZA,2021-11-27 16:06:25,scattered clouds
307,Husavik,66.0449,-17.3389,35.51,95,99,5.26,IS,2021-11-27 16:10:48,overcast clouds
308,Fort Nelson,58.8053,-122.7002,1.44,97,95,1.32,CA,2021-11-27 16:10:49,overcast clouds
309,Noumea,-22.2763,166.4572,75.18,85,92,10.0,NC,2021-11-27 16:10:29,overcast clouds
310,Uporovo,56.3109,66.2693,28.9,82,100,15.84,RU,2021-11-27 16:10:49,overcast clouds
311,Aklavik,68.2191,-135.0107,-9.69,91,100,18.72,CA,2021-11-27 16:10:50,overcast clouds
312,Neiafu,-18.65,-173.9833,77.68,94,75,0.0,TO,2021-11-27 16:10:50,broken clouds
313,Ancud,-41.8697,-73.8203,58.53,55,7,10.71,CL,2021-11-27 16:10:50,clear sky
314,Tuatapere,-46.1333,167.6833,40.53,94,100,3.2,NZ,2021-11-27 16:10:51,overcast clouds
315,Tandalti,13.0167,31.8667,90.39,21,0,10.38,SD,2021-11-27 16:11:51,clear sky
316,Ledyard,41.4398,-72.0142,40.17,41,1,26.46,US,2021-11-27 16:11:52,clear sky
317,Tshikapa,-6.4167,20.8,77.52,81,71,0.45,CD,2021-11-27 16:11:52,broken clouds
318,Semporna,4.4818,118.6112,79.05,83,98,2.37,MY,2021-11-27 16:11:52,overcast clouds
319,Quatre Cocos,-20.2078,57.7625,78.91,70,17,7.14,MU,2021-11-27 16:11:53,few clouds
320,Chulym,55.0997,80.9572,20.34,92,100,20.13,RU,2021-11-27 16:11:53,light snow
321,High Level,58.5169,-117.136,-0.29,85,20,2.3,CA,2021-11-27 16:11:54,few clouds
322,Mamallapuram,12.6264,80.1722,78.85,86,100,10.02,IN,2021-11-27 16:11:54,overcast clouds
323,Kununurra,-15.7667,128.7333,80.58,74,60,1.14,AU,2021-11-27 16:09:15,broken clouds
324,Kanaya,34.8167,138.1333,39.58,51,0,5.14,JP,2021-11-27 16:11:55,clear sky
325,Praia,14.9215,-23.5087,82.94,61,40,27.63,CV,2021-11-27 16:11:55,scattered clouds
326,Byron Bay,-28.65,153.6167,69.75,88,100,14.18,AU,2021-11-27 16:11:56,overcast clouds
327,Banda Aceh,5.5577,95.3222,78.98,83,100,6.76,ID,2021-11-27 16:11:56,overcast clouds
328,Borogontsy,62.6683,131.1683,6.3,93,100,8.37,RU,2021-11-27 16:11:56,light snow
329,Freeport,40.6576,-73.5832,41.18,45,20,18.41,US,2021-11-27 16:08:57,few clouds
330,Lompoc,34.6391,-120.4579,52.52,44,1,8.05,US,2021-11-27 16:09:41,clear sky
331,Waw,7.7029,27.9953,86.65,23,67,2.1,SS,2021-11-27 16:10:12,broken clouds
332,Carballo,43.213,-8.691,49.42,72,64,13.67,ES,2021-11-27 16:11:57,broken clouds
333,Lagunas,-5.2269,-75.6753,92.66,46,9,4.21,PE,2021-11-27 16:11:58,clear sky
334,Corning,42.1428,-77.0547,32.04,59,90,13.8,US,2021-11-27 16:11:58,overcast clouds
335,Bogande,12.9714,-0.1436,96.76,9,66,11.88,BF,2021-11-27 16:11:59,broken clouds
336,Oistins,13.0667,-59.5333,86.09,70,40,10.36,BB,2021-11-27 16:11:59,scattered clouds
337,Vangaindrano,-23.35,47.6,70.63,68,85,12.62,MG,2021-11-27 16:11:59,overcast clouds
338,Nouadhibou,20.931,-17.0347,70.72,72,64,18.05,MR,2021-11-27 16:12:00,broken clouds
339,Luderitz,-26.6481,15.1594,67.12,69,2,10.07,NA,2021-11-27 16:12:00,clear sky
340,Namibe,-15.1961,12.1522,72.43,63,14,13.94,AO,2021-11-27 16:12:01,few clouds
341,Ailigandi,9.2333,-78.0167,79.92,86,63,5.17,PA,2021-11-27 16:12:01,broken clouds
342,Pudozh,61.8099,36.5345,13.75,96,100,5.14,RU,2021-11-27 16:12:01,overcast clouds
343,Tautira,-17.7333,-149.15,77.02,75,41,17.94,PF,2021-11-27 16:10:13,scattered clouds
344,Polyarnyy,69.1989,33.4478,-5.33,90,96,6.11,RU,2021-11-27 16:12:02,overcast clouds
345,Bowen,-20.0167,148.2333,79.25,78,14,3.96,AU,2021-11-27 16:12:02,few clouds
346,Margate,51.3813,1.3862,42.51,75,100,32.03,GB,2021-11-27 16:07:49,light rain
347,Leningradskiy,69.3833,178.4167,-19.14,90,8,8.34,RU,2021-11-27 16:12:03,clear sky
348,Tuyen Quang,21.8233,105.2181,63.93,71,3,2.71,VN,2021-11-27 16:12:03,clear sky
349,Camopi,3.1655,-52.3158,90.45,49,46,6.51,GF,2021-11-27 16:12:04,light rain
350,Sheffield,53.383,-1.4659,37.54,83,97,23.24,GB,2021-11-27 16:11:46,overcast clouds
351,Artyom,40.4723,50.333,51.94,75,0,17.49,AZ,2021-11-27 16:12:04,clear sky
352,Sernovodsk,43.3117,45.1594,32.99,84,96,1.39,RU,2021-11-27 16:12:05,overcast clouds
353,Pasighat,28.0667,95.3333,62.55,55,8,3.96,IN,2021-11-27 16:08:17,clear sky
354,Swift Current,50.2834,-107.8014,28.13,58,94,5.19,CA,2021-11-27 16:12:05,overcast clouds
355,Devonport,-41.1667,146.35,50.18,78,31,3.76,AU,2021-11-27 16:12:06,scattered clouds
356,Teya,60.3778,92.6267,5.97,93,100,6.38,RU,2021-11-27 16:13:06,overcast clouds
357,Klaksvik,62.2266,-6.589,31.12,58,100,14.41,FO,2021-11-27 16:13:06,overcast clouds
358,Nouakchott,18.0858,-15.9785,91.33,45,8,12.62,MR,2021-11-27 16:13:07,clear sky
359,Asau,46.4333,26.4,52.72,80,51,5.84,RO,2021-11-27 16:13:07,broken clouds
360,Pilar,-9.5972,-35.9567,93.13,56,80,14.74,BR,2021-11-27 16:12:45,broken clouds
361,Vanavara,60.34,102.2797,4.32,95,100,8.23,RU,2021-11-27 16:13:08,overcast clouds
362,Porto Novo,6.4965,2.6036,85.68,65,32,9.91,BJ,2021-11-27 16:13:08,scattered clouds
363,Poso,-1.3959,120.7524,77.25,88,100,5.23,ID,2021-11-27 16:13:09,overcast clouds
364,Bathsheba,13.2167,-59.5167,86.61,70,40,10.36,BB,2021-11-27 16:13:09,scattered clouds
365,Ukiah,39.1502,-123.2078,44.49,81,1,0.0,US,2021-11-27 16:11:36,clear sky
366,Yulara,-25.2406,130.9889,67.84,42,0,5.75,AU,2021-11-27 16:09:02,clear sky
367,Bar-Le-Duc,48.75,5.1667,39.38,95,97,9.73,FR,2021-11-27 16:13:10,overcast clouds
368,Pietarsaari,63.65,22.6833,10.53,84,41,7.85,FI,2021-11-27 16:13:10,scattered clouds
369,Ushtobe,45.2514,77.9838,26.6,58,0,13.02,KZ,2021-11-27 16:13:10,clear sky
370,Karratha,-20.7377,116.8463,85.6,33,0,8.5,AU,2021-11-27 16:13:11,clear sky
371,Sisimiut,66.9395,-53.6735,28.26,87,100,10.89,GL,2021-11-27 16:13:11,overcast clouds
372,Sterling,39.0062,-77.4286,41.77,48,20,14.97,US,2021-11-27 16:11:30,few clouds
373,Tahta,26.7693,31.5021,75.9,17,13,5.95,EG,2021-11-27 16:13:11,few clouds
374,Winnemucca,40.973,-117.7357,28.45,69,1,0.0,US,2021-11-27 16:13:12,clear sky
375,Pemangkat,1.1667,108.9667,79.66,82,100,5.48,ID,2021-11-27 16:13:12,light rain
376,Sahuaripa,29.05,-109.2333,61.09,71,87,2.1,MX,2021-11-27 16:13:13,overcast clouds
377,Rio Grande,-32.035,-52.0986,78.91,75,44,12.93,BR,2021-11-27 16:12:17,scattered clouds
378,Tyukalinsk,55.8732,72.1967,26.89,90,100,17.96,RU,2021-11-27 16:13:13,overcast clouds
379,Usinsk,65.9939,57.5281,4.66,87,100,6.87,RU,2021-11-27 16:13:14,overcast clouds
380,Ketchikan,55.3422,-131.6461,37.87,87,90,9.22,US,2021-11-27 16:13:14,light rain
381,Envira,-7.3,-70.2167,85.05,75,100,3.42,BR,2021-11-27 16:13:14,overcast clouds
382,Matara,5.9485,80.5353,76.95,91,100,5.77,LK,2021-11-27 16:13:15,overcast clouds
383,Cururupu,-1.8283,-44.8683,90.27,51,31,7.52,BR,2021-11-27 16:11:26,scattered clouds
384,Denia,38.8408,0.1057,56.64,53,12,23.42,ES,2021-11-27 16:13:15,few clouds
385,Bella Vista,36.4295,-94.2316,54.52,33,1,12.66,US,2021-11-27 16:13:16,clear sky
386,Mercedes,-34.6515,-59.4307,88.88,21,6,11.59,AR,2021-11-27 16:13:16,clear sky
387,Boyolangu,-8.1181,111.8935,77.52,89,100,4.97,ID,2021-11-27 16:13:17,light rain
388,Deputatskiy,69.3,139.9,-14.28,82,100,2.35,RU,2021-11-27 16:13:17,overcast clouds
389,Creston,41.0586,-94.3614,53.04,57,40,8.05,US,2021-11-27 16:13:17,scattered clouds
390,North Bend,43.4065,-124.2243,53.51,100,90,6.91,US,2021-11-27 16:10:23,overcast clouds
391,Farafangana,-22.8167,47.8333,71.98,66,87,12.35,MG,2021-11-27 16:13:18,overcast clouds
392,Lusambo,-4.9667,23.45,78.28,71,59,2.77,CD,2021-11-27 16:13:18,broken clouds
393,Nicoya,10.1483,-85.452,85.55,65,86,7.07,CR,2021-11-27 16:13:19,overcast clouds
394,San Patricio,28.017,-97.5169,55.26,53,100,5.59,US,2021-11-27 16:13:19,overcast clouds
395,Laksham,23.2472,91.1425,64.35,54,35,4.45,BD,2021-11-27 16:13:19,scattered clouds
396,Gilbues,-9.8317,-45.3439,88.11,49,79,5.61,BR,2021-11-27 16:13:20,broken clouds
397,San Juan,-31.5375,-68.5364,84.61,27,0,27.31,AR,2021-11-27 16:13:20,clear sky
398,Arman,59.7,150.1667,-5.89,83,20,7.58,RU,2021-11-27 16:13:21,few clouds
399,Riyadh,24.6877,46.7219,73.54,30,22,14.99,SA,2021-11-27 16:13:21,few clouds
400,Todos Santos,23.45,-110.2167,74.46,64,100,3.09,MX,2021-11-27 16:13:21,overcast clouds
401,Amapa,1.0,-52.0,88.93,51,53,1.77,BR,2021-11-27 16:13:22,broken clouds
402,Ilulissat,69.2167,-51.1,24.82,74,75,18.41,GL,2021-11-27 16:11:15,broken clouds
403,Baiyin,36.5583,104.2081,27.48,64,36,9.73,CN,2021-11-28 00:56:26,scattered clouds
404,Haines Junction,60.7522,-137.5108,-4.05,71,100,10.36,CA,2021-11-28 00:56:26,light snow
405,Sibolga,1.7427,98.7792,76.77,85,100,1.81,ID,2021-11-28 00:56:27,overcast clouds
406,Gurupa,-1.405,-51.64,74.66,94,9,3.42,BR,2021-11-28 00:56:27,clear sky
407,Hami,42.8,93.45,24.22,72,78,10.42,CN,2021-11-28 00:56:27,broken clouds
408,Siocon,7.7061,122.1353,81.25,80,100,2.04,PH,2021-11-28 00:56:28,overcast clouds
409,Muros,42.7762,-9.0603,45.1,72,36,9.37,ES,2021-11-28 00:56:28,scattered clouds
410,Sirohi,24.8833,72.8667,65.26,43,5,2.33,IN,2021-11-28 00:56:28,clear sky
411,Shimoda,34.6667,138.95,55.76,45,2,4.14,JP,2021-11-28 00:56:29,clear sky
412,Valparaiso,-33.0393,-71.6273,62.24,68,0,13.8,CL,2021-11-28 00:56:29,clear sky
413,Seoul,37.5683,126.9778,33.37,77,0,2.3,KR,2021-11-28 00:55:56,clear sky
414,Okha,53.5739,142.9478,29.57,68,26,18.23,RU,2021-11-28 00:56:29,scattered clouds
415,Ostrovnoy,68.0531,39.5131,9.37,88,89,8.61,RU,2021-11-28 00:55:01,overcast clouds
416,West Lafayette,40.4259,-86.9081,41.38,87,1,5.75,US,2021-11-28 00:52:00,clear sky
417,Dudinka,69.4058,86.1778,-1.7,95,100,9.71,RU,2021-11-28 00:56:30,overcast clouds
418,Kirakira,-10.4544,161.9205,84.56,73,77,6.02,SB,2021-11-28 00:56:30,broken clouds
419,Watertown,42.3709,-71.1828,31.87,57,0,10.58,US,2021-11-28 00:56:30,clear sky
420,Yichun,47.7,128.9,25.27,82,100,2.66,CN,2021-11-28 00:56:31,overcast clouds
421,Pontes E Lacerda,-15.2261,-59.3353,74.5,89,8,3.74,BR,2021-11-28 00:56:31,clear sky
422,Grand Gaube,-20.0064,57.6608,72.0,71,0,8.75,MU,2021-11-28 00:53:41,clear sky
423,Loubomo,-4.1997,12.6739,69.96,97,94,1.52,CG,2021-11-28 00:56:32,overcast clouds
424,Zhezkazgan,47.8043,67.7144,16.09,83,20,9.69,KZ,2021-11-28 00:56:32,few clouds
425,Puerto Madryn,-42.7692,-65.0385,58.8,70,0,11.52,AR,2021-11-28 00:56:32,clear sky
426,Dobra,44.7833,25.7167,36.39,81,100,6.96,RO,2021-11-28 00:56:32,overcast clouds
427,Lata,40.1629,-8.3327,43.21,76,23,3.83,PT,2021-11-28 00:56:33,few clouds
428,Grosseto,42.8333,11.25,53.1,83,100,15.1,IT,2021-11-28 00:56:33,overcast clouds
429,Sao Francisco Do Sul,-26.2433,-48.6381,75.11,83,75,4.61,BR,2021-11-28 00:56:33,broken clouds
430,Sept-Iles,50.2001,-66.3821,39.72,87,90,11.5,CA,2021-11-28 00:56:34,overcast clouds
431,Zhigansk,66.7697,123.3711,-1.62,98,100,6.82,RU,2021-11-28 00:52:00,overcast clouds
432,Chaozhou,23.6651,116.6379,66.06,58,42,5.12,CN,2021-11-28 00:56:34,scattered clouds
433,Bastrop,32.7562,-91.8724,50.79,58,100,8.34,US,2021-11-28 00:56:34,overcast clouds
434,Prigorodnyy,51.7661,55.2665,5.16,72,0,8.95,RU,2021-11-28 00:56:35,clear sky
435,Keti Bandar,24.1447,67.4497,73.13,67,0,6.87,PK,2021-11-28 00:56:35,clear sky
436,Garca,-22.2106,-49.6561,77.99,50,0,4.54,BR,2021-11-28 00:56:35,clear sky
437,Gigmoto,13.7796,124.39,81.46,85,100,10.67,PH,2021-11-28 00:56:36,overcast clouds
438,Abu Samrah,35.3029,37.1841,59.58,52,100,2.46,SY,2021-11-28 00:56:36,overcast clouds
439,Aberdeen,57.1437,-2.0981,32.49,86,77,12.66,GB,2021-11-28 00:56:36,broken clouds
440,Saint Anthony,45.0205,-93.218,35.92,64,1,9.22,US,2021-11-28 00:56:36,clear sky
441,Oranjemund,-28.55,16.4333,61.14,89,98,5.21,NA,2021-11-28 00:56:37,overcast clouds
442,Ocean City,39.2776,-74.5746,35.62,59,100,9.57,US,2021-11-28 00:54:21,overcast clouds
443,Pangnirtung,66.1451,-65.7125,26.6,39,90,8.05,CA,2021-11-28 00:56:37,overcast clouds
444,Bahia Blanca,-38.7196,-62.2724,59.88,88,100,3.76,AR,2021-11-28 00:56:37,overcast clouds
445,Slavuta,50.3016,26.8651,36.25,90,32,5.93,UA,2021-11-28 00:56:38,scattered clouds
446,Maku,39.2911,44.4521,42.21,64,100,4.41,IR,2021-11-28 00:56:38,overcast clouds
447,Santa Maria,-29.6842,-53.8069,72.7,83,40,4.61,BR,2021-11-28 00:56:38,scattered clouds
448,Ryotsu,38.0833,138.4333,48.16,53,14,11.83,JP,2021-11-28 00:56:39,few clouds
449,Coihaique,-45.5752,-72.0662,53.55,43,75,6.91,CL,2021-11-28 00:56:39,broken clouds
450,Visnes,59.3556,5.2242,28.29,100,5,4.61,NO,2021-11-28 00:56:39,clear sky
451,Carbondale,37.7273,-89.2168,48.63,66,1,5.75,US,2021-11-28 00:56:40,clear sky
452,Vryburg,-26.9566,24.7284,61.74,84,1,13.11,ZA,2021-11-28 00:57:40,light rain
453,Saint-Louis,16.3333,-15.0,82.04,29,0,13.96,SN,2021-11-28 00:57:40,clear sky
454,Bukachacha,52.9833,116.9167,9.45,76,100,3.11,RU,2021-11-28 00:57:41,overcast clouds
455,Buritizeiro,-17.3511,-44.9622,66.79,98,18,2.66,BR,2021-11-28 00:57:41,few clouds
456,Nisia Floresta,-6.0911,-35.2086,81.41,77,23,7.9,BR,2021-11-28 00:57:41,few clouds
457,Presidente Olegario,-18.4178,-46.4181,65.88,93,0,2.51,BR,2021-11-28 00:57:42,clear sky
458,Novoagansk,61.9449,76.6625,28.36,97,100,13.76,RU,2021-11-28 00:57:42,light snow
459,Mizdah,31.4451,12.9801,61.57,57,100,2.57,LY,2021-11-28 00:57:43,overcast clouds
460,Tankhoy,51.5528,105.1306,12.2,71,3,5.84,RU,2021-11-28 00:57:43,clear sky
461,Pisco,-13.7,-76.2167,66.25,82,0,16.11,PE,2021-11-28 00:54:40,clear sky
462,Palauig,15.435,119.9045,84.92,62,100,1.12,PH,2021-11-28 00:57:43,overcast clouds
463,Dunedin,-45.8742,170.5036,60.89,61,0,12.33,NZ,2021-11-28 00:53:56,clear sky
464,Kenai,60.5544,-151.2583,6.33,89,96,5.61,US,2021-11-28 00:57:44,overcast clouds
465,Matata,-37.8833,176.75,70.12,55,100,9.89,NZ,2021-11-28 00:57:44,overcast clouds
466,Ajaccio,42.0,8.9167,46.89,87,90,2.3,FR,2021-11-28 00:57:45,overcast clouds
467,Vallenar,-28.5708,-70.7581,69.42,43,0,2.35,CL,2021-11-28 00:57:45,clear sky
468,High Rock,26.6208,-78.2833,69.82,67,12,7.54,BS,2021-11-28 00:57:45,few clouds
469,Mehamn,71.0357,27.8492,15.17,87,53,12.28,NO,2021-11-28 00:57:46,broken clouds
470,Sioux Lookout,50.1001,-91.917,28.78,93,90,16.11,CA,2021-11-28 00:57:46,light snow
471,Uyuni,-20.4597,-66.825,56.25,46,96,20.18,BO,2021-11-28 00:57:46,overcast clouds
472,Helong,42.5397,128.9972,36.64,42,0,4.18,CN,2021-11-28 00:57:47,clear sky
473,Zemio,5.0314,25.1361,69.31,42,82,1.52,CF,2021-11-28 00:57:47,broken clouds
474,Dubrovnik,42.6481,18.0922,58.64,67,75,12.66,HR,2021-11-28 00:57:47,broken clouds
475,Yebaishou,41.3975,119.6408,37.09,69,77,8.48,CN,2021-11-28 00:57:48,broken clouds
476,Magadan,59.5667,150.8,6.85,84,100,10.07,RU,2021-11-28 00:57:48,overcast clouds
477,Daura,11.5538,11.4085,71.55,16,94,9.1,NG,2021-11-28 00:57:49,overcast clouds
478,Boende,-0.2167,20.8667,72.05,87,100,1.32,CD,2021-11-28 00:57:49,overcast clouds
479,Mantua,45.1667,10.7833,47.01,92,100,7.85,IT,2021-11-28 00:57:49,overcast clouds
480,Zyryanskoye,56.8306,86.6258,21.99,92,100,15.55,RU,2021-11-28 00:57:50,light snow
481,Mount Pleasant,32.7941,-79.8626,42.94,87,1,0.0,US,2021-11-28 00:57:29,clear sky
482,Balikpapan,-1.2675,116.8289,75.33,94,100,3.76,ID,2021-11-28 00:57:50,light rain
483,Orito,0.6766,-76.8771,73.49,91,98,4.12,CO,2021-11-28 00:57:51,overcast clouds
484,Ipixuna,-1.7625,-48.8043,78.75,95,0,4.05,BR,2021-11-28 00:57:51,clear sky
485,Batagay-Alyta,67.8006,130.4114,-3.1,96,100,3.51,RU,2021-11-28 00:57:52,overcast clouds
486,Santa Cruz,-17.8,-63.1667,78.26,83,40,6.91,BO,2021-11-28 00:57:52,scattered clouds
487,Hun,29.1268,15.9477,72.68,30,100,8.55,LY,2021-11-28 00:57:52,overcast clouds
488,Namatanai,-3.6667,152.4333,84.56,68,95,2.59,PG,2021-11-28 00:57:52,light rain
489,Laguna,38.421,-121.4238,66.29,63,40,1.34,US,2021-11-28 00:57:53,scattered clouds
490,Naryan-Mar,67.6713,53.087,1.18,98,47,6.44,RU,2021-11-28 00:57:53,scattered clouds
491,Mulege,26.8833,-111.9833,68.27,70,79,6.89,MX,2021-11-28 00:57:54,broken clouds
492,Broken Hill,-31.95,141.4333,71.31,46,40,13.8,AU,2021-11-28 00:57:54,scattered clouds
493,Labuhan,-6.8844,112.2051,79.59,77,100,9.78,ID,2021-11-28 00:57:54,light rain
494,Santa Barbara,34.7333,-120.0343,68.56,17,1,5.75,US,2021-11-28 00:53:31,clear sky
495,Mahebourg,-20.4081,57.7,71.89,88,20,4.61,MU,2021-11-28 00:57:55,few clouds
496,Black River,18.0264,-77.8487,80.6,81,4,5.46,JM,2021-11-28 00:57:55,clear sky
497,Fairbanks,64.8378,-147.7164,-14.8,70,90,0.0,US,2021-11-28 00:56:38,haze
498,San-Pedro,4.7485,-6.6363,78.46,86,8,5.79,CI,2021-11-28 00:57:56,clear sky
499,Liverpool,53.4106,-2.9779,35.55,60,0,13.8,GB,2021-11-28 00:57:56,clear sky
500,Ucluelet,48.9329,-125.5528,50.31,93,100,13.2,CA,2021-11-28 00:54:50,light rain
501,Pavelets,53.7883,39.246,35.38,98,100,12.12,RU,2021-11-28 00:58:57,overcast clouds
502,Kinsale,51.7075,-8.5306,36.77,87,20,6.91,IE,2021-11-28 00:58:57,few clouds
503,Shar,49.5886,81.0453,10.31,81,11,9.22,KZ,2021-11-28 00:58:57,few clouds
504,Poum,-20.2333,164.0167,80.76,75,4,9.69,NC,2021-11-28 00:58:58,clear sky
505,Matagami,49.7502,-77.6328,14.11,100,90,13.8,CA,2021-11-28 00:58:58,light snow
506,Giddalur,15.35,78.9167,71.92,81,100,8.14,IN,2021-11-28 00:58:59,light rain
507,Linping,30.4225,120.2972,57.15,77,96,8.61,CN,2021-11-28 00:58:59,overcast clouds
508,Flin Flon,54.7682,-101.865,22.84,68,1,6.91,CA,2021-11-28 00:58:59,clear sky
509,Wamba,8.9333,8.6,72.55,25,74,5.75,NG,2021-11-28 00:59:00,broken clouds
510,Wilmington,34.2257,-77.9447,40.91,42,41,3.24,US,2021-11-28 00:55:12,scattered clouds
511,Faanui,-16.4833,-151.75,81.37,73,17,17.85,PF,2021-11-28 00:59:00,few clouds
512,Waipawa,-41.4122,175.5153,61.43,78,100,5.08,NZ,2021-11-28 00:59:01,overcast clouds
513,Sur,22.5667,59.5289,74.39,50,34,5.03,OM,2021-11-28 00:59:01,scattered clouds
514,Altenholz,54.4,10.1333,38.97,93,90,3.44,DE,2021-11-28 00:59:02,overcast clouds
515,Zhoucheng,35.9122,116.3117,47.32,76,100,9.24,CN,2021-11-28 00:59:02,overcast clouds
516,Cockburn Town,21.4612,-71.1419,75.16,78,75,3.44,TC,2021-11-28 00:59:03,broken clouds
517,Morogoro,-6.8167,37.6667,68.99,89,94,2.71,TZ,2021-11-28 00:59:03,overcast clouds
518,Manta,-0.95,-80.7333,73.18,88,40,9.22,EC,2021-11-28 00:54:08,scattered clouds
519,Voh,-20.9667,164.7,87.4,55,80,6.62,NC,2021-11-28 00:59:04,broken clouds
520,Darnah,32.767,22.6367,69.4,54,57,11.99,LY,2021-11-28 00:54:33,broken clouds
521,Puerto El Triunfo,13.2833,-88.55,79.59,71,52,5.12,SV,2021-11-28 00:59:04,broken clouds
522,Santa Cruz De La Palma,28.6835,-17.7642,64.54,68,40,16.11,ES,2021-11-28 00:59:04,scattered clouds
523,Kazanlak,42.6167,25.4,48.52,94,100,0.51,BG,2021-11-28 00:59:05,overcast clouds
524,Dhari,21.3333,71.0167,69.44,53,12,3.38,IN,2021-11-28 00:59:05,few clouds
525,Rosarito,32.3333,-117.0333,70.23,57,0,2.77,MX,2021-11-28 00:59:06,clear sky
526,Ruidoso,33.3317,-105.673,46.54,19,1,8.05,US,2021-11-28 00:59:06,clear sky
527,At-Bashi,41.1702,75.8106,10.33,59,0,5.26,KG,2021-11-28 00:59:06,clear sky
528,Itaguai,-22.8522,-43.7753,76.68,88,0,4.61,BR,2021-11-28 00:59:07,clear sky
529,Kurchum,48.5722,83.6542,9.05,77,6,5.06,KZ,2021-11-28 00:59:07,clear sky
530,Pierre,44.3683,-100.351,41.99,64,92,6.06,US,2021-11-28 00:54:34,overcast clouds
531,Berdigestyakh,62.0989,126.6992,0.25,93,100,9.64,RU,2021-11-28 00:59:08,overcast clouds
532,Auki,-8.7676,160.7034,85.68,68,94,2.44,SB,2021-11-28 00:59:08,overcast clouds
533,Atlantic Beach,30.3344,-81.3987,46.42,60,94,2.62,US,2021-11-28 00:59:09,overcast clouds
534,Havoysund,70.9963,24.6622,20.28,79,39,18.14,NO,2021-11-28 00:59:09,scattered clouds
535,Masyaf,35.0653,36.3406,51.85,48,100,1.41,SY,2021-11-28 00:59:09,overcast clouds
536,Imeni Poliny Osipenko,52.4201,136.4853,14.13,91,100,7.94,RU,2021-11-28 00:59:10,overcast clouds
537,Cunha,-23.0744,-44.9597,62.04,93,38,2.82,BR,2021-11-28 00:59:10,scattered clouds
538,Amahai,-3.3333,128.9167,84.15,71,100,1.39,ID,2021-11-28 00:59:10,overcast clouds
539,Bensonville,6.4461,-10.6125,76.55,86,100,1.57,LR,2021-11-28 00:59:11,overcast clouds
540,Grindavik,63.8424,-22.4338,36.07,100,75,1.14,IS,2021-11-28 00:59:11,broken clouds
541,Sakaiminato,35.55,133.2333,46.38,87,75,5.75,JP,2021-11-28 00:59:11,broken clouds
542,Guiglo,6.5456,-7.4966,72.3,92,71,2.15,CI,2021-11-28 00:59:12,broken clouds
543,Verkhoyansk,67.5447,133.385,-6.14,100,100,2.01,RU,2021-11-28 00:59:12,overcast clouds
544,Kaseda,31.4167,130.3167,47.43,57,18,11.79,JP,2021-11-28 00:59:13,few clouds
545,Chodavaram,17.8333,82.95,78.64,85,100,4.85,IN,2021-11-28 01:00:13,overcast clouds
546,Buin,-33.7333,-70.75,57.63,53,0,2.37,CL,2021-11-28 01:00:13,clear sky
547,Nemea,37.8167,22.6667,52.2,84,0,4.65,GR,2021-11-28 00:57:25,clear sky
548,Hay River,60.8156,-115.7999,-1.77,94,59,5.21,CA,2021-11-28 01:00:14,broken clouds
549,Sturgeon Bay,44.8342,-87.377,32.4,93,90,3.44,US,2021-11-28 00:56:00,mist
550,Port Said,31.2565,32.2841,72.23,54,100,7.4,EG,2021-11-28 01:00:14,overcast clouds
551,Damaturu,11.747,11.9608,69.62,18,69,7.85,NG,2021-11-28 01:00:15,broken clouds
552,Tateyama,34.9833,139.8667,51.82,43,0,16.96,JP,2021-11-28 01:00:15,clear sky
553,Vila Franca Do Campo,37.7167,-25.4333,59.41,76,45,6.96,PT,2021-11-28 01:00:16,scattered clouds
554,Kumphawapi,17.1087,103.0149,66.65,68,33,7.34,TH,2021-11-28 01:00:16,scattered clouds
555,Mayo,38.8876,-76.5119,37.51,50,92,4.09,US,2021-11-28 00:57:42,overcast clouds
556,Zelenoborskiy,66.845,32.3622,8.46,96,83,2.89,RU,2021-11-28 01:00:17,broken clouds
557,Tarauaca,-8.1614,-70.7656,74.12,97,100,0.56,BR,2021-11-28 00:57:44,overcast clouds
558,Florianopolis,-27.6146,-48.5012,72.63,73,75,12.66,BR,2021-11-28 00:57:55,broken clouds
559,Oktyabrskoye,43.0645,44.7417,23.14,100,35,2.24,RU,2021-11-28 01:00:18,mist
560,Binga,-17.6203,27.3414,74.48,63,2,7.76,ZW,2021-11-28 01:00:19,clear sky
561,Salmas,38.1973,44.7653,42.75,62,100,0.92,IR,2021-11-28 01:00:19,overcast clouds
562,Wukari,7.85,9.7833,74.59,25,94,3.62,NG,2021-11-28 01:00:20,overcast clouds
563,La Ronge,55.1001,-105.2842,16.3,92,44,5.91,CA,2021-11-28 01:00:20,scattered clouds
564,Luocheng,29.3848,104.0286,50.92,86,100,0.6,CN,2021-11-28 01:00:20,overcast clouds
565,Capao Da Canoa,-29.7456,-50.0097,69.06,95,83,7.16,BR,2021-11-28 01:00:21,broken clouds
566,Puta,40.2967,49.6603,37.42,71,91,3.2,AZ,2021-11-28 01:00:21,overcast clouds
567,Banjar,-8.19,114.9675,80.46,84,100,7.29,ID,2021-11-28 01:00:21,overcast clouds
568,Vardo,70.3705,31.1107,24.62,77,43,13.49,NO,2021-11-28 01:00:22,scattered clouds
569,Minuri,16.535,121.8574,76.78,89,99,1.03,PH,2021-11-28 01:00:22,overcast clouds
570,Codrington,-38.2667,141.9667,65.59,52,0,9.73,AU,2021-11-28 01:00:23,clear sky
571,Holme,56.1138,10.1725,36.97,91,100,6.17,DK,2021-11-28 01:00:23,overcast clouds
572,Wewak,-3.5534,143.6268,85.48,68,100,4.9,PG,2021-11-28 01:00:23,overcast clouds
573,Trincomalee,8.5711,81.2335,81.12,80,57,8.32,LK,2021-11-28 01:00:24,broken clouds
574,Burgeo,47.6167,-57.6152,46.15,82,78,25.75,CA,2021-11-28 01:00:24,broken clouds
575,Nogliki,51.8333,143.1667,26.51,67,9,14.74,RU,2021-11-28 01:00:24,clear sky
576,Rey Bouba,8.6724,14.1786,74.12,26,40,1.3,CM,2021-11-28 01:00:25,scattered clouds
577,Ploemeur,47.7333,-3.4333,41.59,60,0,5.75,FR,2021-11-28 01:00:25,clear sky
578,Mormugao,15.4,73.8,72.95,64,100,8.37,IN,2021-11-28 01:00:26,overcast clouds
579,Villa Union,23.2,-106.2333,73.0,62,100,3.8,MX,2021-11-28 01:00:26,overcast clouds
580,Pegnitz,49.7564,11.545,32.04,97,100,2.46,DE,2021-11-28 01:00:27,overcast clouds
581,Savannah Bight,16.45,-85.85,79.84,60,98,7.05,HN,2021-11-28 01:00:27,overcast clouds
582,Carauari,-4.8828,-66.8958,75.7,96,94,2.08,BR,2021-11-28 01:00:27,overcast clouds
583,Erzin,36.9559,36.2,55.92,62,100,4.05,TR,2021-11-28 01:00:28,overcast clouds
584,Meulaboh,4.1363,96.1285,77.43,88,82,7.81,ID,2021-11-28 01:00:28,light rain
585,Falam,22.9167,93.6833,51.53,92,15,0.38,MM,2021-11-28 01:00:29,few clouds
586,Qostanay,53.1667,63.5833,7.09,85,0,8.95,KZ,2021-11-28 01:00:29,clear sky
587,San Lorenzo,-25.3333,-57.5333,72.03,61,4,7.78,PY,2021-11-28 01:00:29,clear sky
588,East Wenatchee Bench,47.4257,-120.2812,45.72,89,100,2.46,US,2021-11-28 01:00:30,overcast clouds
589,Vostok,46.4856,135.8833,19.53,81,17,3.2,RU,2021-11-28 01:00:30,few clouds
590,Pitimbu,-7.4706,-34.8086,80.67,70,55,11.39,BR,2021-11-28 01:00:30,moderate rain
591,Latung,5.5,120.8833,83.03,72,100,3.29,PH,2021-11-28 01:00:31,heavy intensity rain
592,Samagaltay,50.6022,95.0047,3.13,66,100,1.88,RU,2021-11-28 01:00:31,overcast clouds
593,Sorland,67.667,12.6934,35.58,70,100,25.66,NO,2021-11-28 01:00:32,overcast clouds
594,Manokwari,-0.8667,134.0833,83.57,72,97,8.68,ID,2021-11-28 01:00:32,overcast clouds
595,Padang,-0.9492,100.3543,81.05,70,100,0.54,ID,2021-11-28 01:00:28,overcast clouds
596,Bilibino,68.0546,166.4372,-24.03,97,62,4.21,RU,2021-11-28 01:01:33,broken clouds
597,Mao,39.8885,4.2658,45.16,93,75,6.91,ES,2021-11-28 01:01:33,broken clouds
598,Kyra,49.5776,111.9753,16.66,69,100,5.86,RU,2021-11-28 01:01:33,overcast clouds
599,Mugla,37.2303,28.3557,59.67,94,99,12.88,TR,2021-11-28 01:01:34,light rain
600,Abu Kamal,34.4506,40.9171,59.83,55,17,5.26,SY,2021-11-28 00:59:58,few clouds
601,Nueva Loja,0.0847,-76.8828,74.28,84,31,2.42,EC,2021-11-28 01:01:34,scattered clouds
602,Gagra,43.3283,40.2239,54.52,79,100,8.97,GE,2021-11-28 01:01:35,overcast clouds
603,Santiago Del Estero,-27.7951,-64.2615,85.44,36,100,4.36,AR,2021-11-28 00:58:29,overcast clouds
604,Kybartai,54.6386,22.7632,34.12,99,100,6.49,LT,2021-11-28 01:01:35,overcast clouds
605,Juba,4.8517,31.5825,74.59,72,19,4.12,SS,2021-11-28 01:01:36,few clouds
606,Kadhan,24.481,68.9859,70.79,26,33,8.86,PK,2021-11-28 01:01:36,scattered clouds
607,Chernyshevskiy,63.0128,112.4714,-5.12,98,99,7.27,RU,2021-11-28 01:01:37,overcast clouds
608,Camana,-16.6228,-72.7111,66.69,84,59,6.98,PE,2021-11-28 01:01:37,broken clouds
609,Nagato,34.3833,131.2,52.75,52,1,7.47,JP,2021-11-28 01:01:37,clear sky
610,Ranot,7.7777,100.3213,78.98,85,100,8.41,TH,2021-11-28 01:01:38,light rain
611,Suntar,62.1444,117.6319,0.46,89,97,7.29,RU,2021-11-28 01:01:38,overcast clouds
612,Pitea,65.3172,21.4794,8.69,79,92,5.68,SE,2021-11-28 01:01:39,light snow
613,Ndola,-12.9587,28.6366,60.03,90,58,4.68,ZM,2021-11-28 01:01:39,broken clouds
614,Samarai,-10.6167,150.6667,83.77,72,100,6.62,PG,2021-11-28 01:01:40,overcast clouds
615,Aksarka,66.5606,67.7975,-19.84,100,65,4.43,RU,2021-11-28 01:01:40,broken clouds
616,Elmadag,39.9208,33.2308,42.66,94,100,6.06,TR,2021-11-28 01:01:40,overcast clouds
617,Praia Da Vitoria,38.7333,-27.0667,60.1,68,92,8.7,PT,2021-11-28 01:01:41,overcast clouds
618,Ternate,0.8,127.4,83.43,76,41,2.53,ID,2021-11-28 01:01:36,scattered clouds
619,Kochubey,44.3861,46.5825,43.43,93,100,6.58,RU,2021-11-28 01:01:41,overcast clouds
620,Kiunga,-6.1219,141.2906,88.77,58,46,2.8,PG,2021-11-28 01:01:42,scattered clouds
621,Koregaon,18.65,74.0833,65.46,60,91,6.04,IN,2021-11-28 01:01:42,overcast clouds
622,Marovoay,-16.1,46.6333,75.74,88,100,0.58,MG,2021-11-28 01:01:42,light rain
623,Rawson,-43.3002,-65.1023,57.78,75,0,10.29,AR,2021-11-28 01:01:43,clear sky
624,Houma,29.5958,-90.7195,55.4,55,100,1.54,US,2021-11-28 00:59:55,overcast clouds
625,Conde,-7.2597,-34.9075,78.19,74,12,10.92,BR,2021-11-28 01:01:44,few clouds
626,Povenets,62.8487,34.8262,18.41,84,100,12.15,RU,2021-11-28 01:01:44,overcast clouds
627,Coahuayana,18.7333,-103.6833,75.22,83,1,1.43,MX,2021-11-28 00:59:50,clear sky
628,Wuda,39.4994,106.7117,30.38,46,54,8.41,CN,2021-11-28 01:01:45,broken clouds
629,Atbasar,51.8,68.3333,2.26,93,11,5.06,KZ,2021-11-28 01:01:45,few clouds
630,Baragua,21.6967,-78.6328,68.22,77,6,7.99,CU,2021-11-28 01:01:45,clear sky
631,Huilong,31.8111,121.655,58.42,66,100,8.08,CN,2021-11-28 01:01:46,overcast clouds
632,Emerald,-23.5333,148.1667,88.56,46,10,11.61,AU,2021-11-28 01:01:46,clear sky
633,Maceio,-9.6658,-35.7353,81.84,78,40,6.91,BR,2021-11-28 01:00:09,light rain
634,Cabedelo,-6.9811,-34.8339,81.27,75,36,11.68,BR,2021-11-28 00:57:41,scattered clouds
635,Batemans Bay,-35.7167,150.1833,61.61,67,100,8.81,AU,2021-11-28 01:00:10,overcast clouds
636,Atar,20.5169,-13.0499,67.82,28,93,14.5,MR,2021-11-28 00:59:49,overcast clouds
637,Aubenas,44.6201,4.3899,27.57,76,87,5.32,FR,2021-11-28 01:01:47,overcast clouds
638,Yerbogachen,61.2767,108.0108,3.29,95,100,7.45,RU,2021-11-28 01:01:48,light snow
639,Soure,-0.7167,-48.5233,80.37,82,24,7.7,BR,2021-11-28 01:02:48,few clouds
640,Maua,-23.6678,-46.4614,67.35,80,87,3.83,BR,2021-11-28 01:02:49,overcast clouds
641,Fredonia,42.4401,-79.3317,30.07,93,90,5.75,US,2021-11-28 01:02:49,light snow
642,Wajir,1.7471,40.0573,77.02,79,81,11.21,KE,2021-11-28 01:02:16,broken clouds
643,Comodoro Rivadavia,-45.8667,-67.5,58.32,44,100,12.19,AR,2021-11-28 01:01:57,overcast clouds
644,Alofi,-19.0595,-169.9187,80.69,75,96,10.42,NU,2021-11-28 01:02:50,light rain
645,Isilkul,54.9109,71.2728,19.17,91,100,13.8,RU,2021-11-28 01:02:50,overcast clouds
646,Key Largo,25.0865,-80.4473,66.2,74,11,8.37,US,2021-11-28 01:02:50,few clouds
647,Ulladulla,-35.35,150.4667,62.02,68,98,10.67,AU,2021-11-28 01:02:51,overcast clouds
648,Scottsbluff,41.8666,-103.6672,44.89,46,100,2.1,US,2021-11-28 01:00:04,overcast clouds
649,Arkhangelsk,64.5401,40.5433,5.11,85,90,2.24,RU,2021-11-28 01:02:52,light snow
650,Jaumave,23.4167,-99.3833,54.68,96,99,1.43,MX,2021-11-28 01:02:52,overcast clouds
651,Cairns,-16.9167,145.7667,87.75,66,75,5.75,AU,2021-11-28 01:00:05,broken clouds
652,Kloulklubed,7.0419,134.2556,84.7,74,100,15.14,PW,2021-11-28 01:02:52,overcast clouds
653,Peace River,56.2501,-117.286,31.64,78,100,9.33,CA,2021-11-28 01:00:24,overcast clouds
654,Rianxo,42.6498,-8.8176,44.98,82,42,4.45,ES,2021-11-28 01:02:53,scattered clouds
655,Uinskoye,56.8817,56.5813,15.35,82,34,9.95,RU,2021-11-28 01:02:53,scattered clouds
656,Shubarkuduk,49.1447,56.4872,22.86,79,94,9.78,KZ,2021-11-28 01:02:54,overcast clouds
657,Jurm,36.8648,70.8342,41.0,50,99,5.82,AF,2021-11-28 01:02:54,overcast clouds
658,Kyrylivka,46.3759,35.3675,48.33,91,0,9.98,UA,2021-11-28 01:02:55,clear sky
659,Fomboni,-12.28,43.7425,80.37,77,95,15.79,KM,2021-11-28 01:02:55,light rain
660,Okhotsk,59.3833,143.3,4.19,75,1,14.85,RU,2021-11-28 01:02:55,clear sky
661,Zhenhai,24.2582,118.0905,66.69,67,80,18.99,CN,2021-11-28 01:02:56,broken clouds
662,Kingaroy,-26.5333,151.8333,70.27,81,96,10.27,AU,2021-11-28 01:02:56,light rain
663,Baruun-Urt,46.6806,113.2792,13.8,94,33,8.63,MN,2021-11-28 01:01:09,scattered clouds
664,Novikovo,51.1537,37.8879,42.28,98,100,7.9,RU,2021-11-28 01:02:57,overcast clouds
665,Salekhard,66.53,66.6019,-19.79,99,43,0.89,RU,2021-11-28 01:02:57,scattered clouds
666,Leh,34.1667,77.5833,14.14,78,51,2.1,IN,2021-11-28 01:02:58,broken clouds
667,San Quintin,30.4833,-115.95,63.46,66,0,3.31,MX,2021-11-28 01:02:58,clear sky
668,Takoradi,4.8845,-1.7554,78.93,83,100,6.17,GH,2021-11-28 01:02:59,overcast clouds
669,Sulphur,30.2366,-93.3774,57.18,87,90,3.27,US,2021-11-28 01:00:40,overcast clouds
670,Marzuq,14.4,46.4667,64.49,40,0,3.78,YE,2021-11-28 01:02:59,clear sky
671,Kolondieba,11.0882,-6.8926,77.16,29,75,3.74,ML,2021-11-28 01:03:00,broken clouds
672,Beira,-19.8436,34.8389,72.5,65,54,6.55,MZ,2021-11-28 01:03:00,broken clouds
673,Caxias,38.7031,-9.2767,45.73,70,20,3.44,PT,2021-11-28 01:03:00,few clouds
674,Luanda,-8.8368,13.2343,76.62,81,99,6.29,AO,2021-11-28 01:00:02,overcast clouds
675,La Baule-Escoublac,47.2922,-2.364,39.15,75,75,11.5,FR,2021-11-28 01:03:01,broken clouds
676,Zarechnyy,53.2036,45.1923,33.46,97,100,13.18,RU,2021-11-28 01:03:01,snow
677,Mitu,1.1983,-70.1733,73.96,96,99,2.37,CO,2021-11-28 00:59:11,overcast clouds
678,Kilis,36.7161,37.115,50.23,75,100,4.09,TR,2021-11-28 01:04:02,overcast clouds
679,Domoni,-12.2569,44.5319,77.11,89,81,7.2,KM,2021-11-28 01:04:02,moderate rain
680,Zhuanghe,39.7008,122.9911,43.65,75,100,1.63,CN,2021-11-28 01:04:03,overcast clouds
681,San Rafael,-34.6177,-68.3301,61.52,69,17,10.18,AR,2021-11-28 01:04:03,few clouds
